matched_school_key,school_name,school_postcode,local_authority,combined_geojson_filename,combined_geojson_url,feature_count,row_geojson_urls
St Paul's RC Academy|DD3 0EH,St Paul's RC Academy,DD3 0EH,Dundee City,scotland_sd_combined_dundee_city_st_paul_s_rc_academy_dd3_0eh.geojson,https://raw.githubusercontent.com/McCrackenLab/powerbi-school-catchments/refs/heads/main/scotland-secondary-denom-catchments/combined-by-school/scotland_sd_combined_dundee_city_st_paul_s_rc_academy_dd3_0eh.geojson,1,https://raw.githubusercontent.com/McCrackenLab/powerbi-school-catchments/refs/heads/main/scotland-secondary-denom-catchments/scotland_sd_dundee_city_st_paul_s_rc_academy_5330033.geojson
St Maurice's High School|G68 9AG,St Maurice's High School,G68 9AG,North Lanarkshire,scotland_sd_combined_north_lanarkshire_st_maurice_s_high_school_g68_9ag.geojson,https://raw.githubusercontent.com/McCrackenLab/powerbi-school-catchments/refs/heads/main/scotland-secondary-denom-catchments/combined-by-school/scotland_sd_combined_north_lanarkshire_st_maurice_s_high_school_g68_9ag.geojson,1,https://raw.githubusercontent.com/McCrackenLab/powerbi-school-catchments/refs/heads/main/scotland-secondary-denom-catchments/scotland_sd_north_lanarkshire_st_maurice_s_high_school_8358931.geojson
St Thomas Aquinas Secondary School|G14 9PP,St Thomas Aquinas Secondary School,G14 9PP,Glasgow City,scotland_sd_combined_glasgow_city_st_thomas_aquinas_secondary_school_g14_9pp.geojson,https://raw.githubusercontent.com/McCrackenLab/powerbi-school-catchments/refs/heads/main/scotland-secondary-denom-catchments/combined-by-school/scotland_sd_combined_glasgow_city_st_thomas_aquinas_secondary_school_g14_9pp.geojson,1,https://raw.githubusercontent.com/McCrackenLab/powerbi-school-catchments/refs/heads/main/scotland-secondary-denom-catchments/scotland_sd_glasgow_city_st_thomas_aquinas_secondary_school_8438838.geojson
Our Lady's High School - Motherwell|ML1 2DG,Our Lady's High School - Motherwell,ML1 2DG,North Lanarkshire,scotland_sd_combined_north_lanarkshire_our_lady_s_high_school_motherwell_ml1_2dg.geojson,https://raw.githubusercontent.com/McCrackenLab/powerbi-school-catchments/refs/heads/main/scotland-secondary-denom-catchments/combined-by-school/scotland_sd_combined_north_lanarkshire_our_lady_s_high_school_motherwell_ml1_2dg.geojson,1,https://raw.githubusercontent.com/McCrackenLab/powerbi-school-catchments/refs/heads/main/scotland-secondary-denom-catchments/scotland_sd_north_lanarkshire_our_lady_s_high_school_motherwell_8517134.geojson
St Modan's High School|FK7 7WS,St Modan's High School,FK7 7WS,Stirling,scotland_sd_combined_stirling_st_modan_s_high_school_fk7_7ws.geojson,https://raw.githubusercontent.com/McCrackenLab/powerbi-school-catchments/refs/heads/main/scotland-secondary-denom-catchments/combined-by-school/scotland_sd_combined_stirling_st_modan_s_high_school_fk7_7ws.geojson,3,https://raw.githubusercontent.com/McCrackenLab/powerbi-school-catchments/refs/heads/main/scotland-secondary-denom-catchments/scotland_sd_falkirk_st_modan_s_high_school_5726336.geojson | https://raw.githubusercontent.com/McCrackenLab/powerbi-school-catchments/refs/heads/main/scotland-secondary-denom-catchments/scotland_sd_clackmannanshire_st_modan_s_high_school_5726336.geojson | https://raw.githubusercontent.com/McCrackenLab/powerbi-school-catchments/refs/heads/main/scotland-secondary-denom-catchments/scotland_sd_stirling_st_modan_s_high_school_5726336.geojson
St Columba's High School|PA19 1TN,St Columba's High School,PA19 1TN,Inverclyde,scotland_sd_combined_inverclyde_st_columba_s_high_school_pa19_1tn.geojson,https://raw.githubusercontent.com/McCrackenLab/powerbi-school-catchments/refs/heads/main/scotland-secondary-denom-catchments/combined-by-school/scotland_sd_combined_inverclyde_st_columba_s_high_school_pa19_1tn.geojson,1,https://raw.githubusercontent.com/McCrackenLab/powerbi-school-catchments/refs/heads/main/scotland-secondary-denom-catchments/scotland_sd_inverclyde_st_columba_s_high_school_8645434.geojson
Holy Rood RC High School|EH15 3ST,Holy Rood RC High School,EH15 3ST,City of Edinburgh,scotland_sd_combined_city_of_edinburgh_holy_rood_rc_high_school_eh15_3st.geojson,https://raw.githubusercontent.com/McCrackenLab/powerbi-school-catchments/refs/heads/main/scotland-secondary-denom-catchments/combined-by-school/scotland_sd_combined_city_of_edinburgh_holy_rood_rc_high_school_eh15_3st.geojson,1,https://raw.githubusercontent.com/McCrackenLab/powerbi-school-catchments/refs/heads/main/scotland-secondary-denom-catchments/scotland_sd_city_of_edinburgh_holy_rood_rc_high_school_5533031.geojson
St Peter the Apostle High School|G81 2DB,St Peter the Apostle High School,G81 2DB,West Dunbartonshire,scotland_sd_combined_west_dunbartonshire_st_peter_the_apostle_high_school_g81_2db.geojson,https://raw.githubusercontent.com/McCrackenLab/powerbi-school-catchments/refs/heads/main/scotland-secondary-denom-catchments/combined-by-school/scotland_sd_combined_west_dunbartonshire_st_peter_the_apostle_high_school_g81_2db.geojson,1,https://raw.githubusercontent.com/McCrackenLab/powerbi-school-catchments/refs/heads/main/scotland-secondary-denom-catchments/scotland_sd_west_dunbartonshire_st_peter_the_apostle_high_school_8300135.geojson
St Andrew's R C High School|KY1 3JL,St Andrew's R C High School,KY1 3JL,Fife,scotland_sd_combined_fife_st_andrew_s_r_c_high_school_ky1_3jl.geojson,https://raw.githubusercontent.com/McCrackenLab/powerbi-school-catchments/refs/heads/main/scotland-secondary-denom-catchments/combined-by-school/scotland_sd_combined_fife_st_andrew_s_r_c_high_school_ky1_3jl.geojson,1,https://raw.githubusercontent.com/McCrackenLab/powerbi-school-catchments/refs/heads/main/scotland-secondary-denom-catchments/scotland_sd_fife_st_andrew_s_r_c_high_school_5407230.geojson
St Margaret's High School|ML6 6EU,St Margaret's High School,ML6 6EU,North Lanarkshire,scotland_sd_combined_north_lanarkshire_st_margaret_s_high_school_ml6_6eu.geojson,https://raw.githubusercontent.com/McCrackenLab/powerbi-school-catchments/refs/heads/main/scotland-secondary-denom-catchments/combined-by-school/scotland_sd_combined_north_lanarkshire_st_margaret_s_high_school_ml6_6eu.geojson,1,https://raw.githubusercontent.com/McCrackenLab/powerbi-school-catchments/refs/heads/main/scotland-secondary-denom-catchments/scotland_sd_north_lanarkshire_st_margaret_s_high_school_8505934.geojson
St Benedict's High School|PA5 8EX,St Benedict's High School,PA5 8EX,Renfrewshire,scotland_sd_combined_renfrewshire_st_benedict_s_high_school_pa5_8ex.geojson,https://raw.githubusercontent.com/McCrackenLab/powerbi-school-catchments/refs/heads/main/scotland-secondary-denom-catchments/combined-by-school/scotland_sd_combined_renfrewshire_st_benedict_s_high_school_pa5_8ex.geojson,1,https://raw.githubusercontent.com/McCrackenLab/powerbi-school-catchments/refs/heads/main/scotland-secondary-denom-catchments/scotland_sd_renfrewshire_st_benedict_s_high_school_8620032.geojson
St David's RC High School|EH22 2PS,St David's RC High School,EH22 2PS,Midlothian,scotland_sd_combined_midlothian_st_david_s_rc_high_school_eh22_2ps.geojson,https://raw.githubusercontent.com/McCrackenLab/powerbi-school-catchments/refs/heads/main/scotland-secondary-denom-catchments/combined-by-school/scotland_sd_combined_midlothian_st_david_s_rc_high_school_eh22_2ps.geojson,1,https://raw.githubusercontent.com/McCrackenLab/powerbi-school-catchments/refs/heads/main/scotland-secondary-denom-catchments/scotland_sd_midlothian_st_david_s_rc_high_school_5546230.geojson
Our Lady & St Patrick's High School|G82 3DR,Our Lady & St Patrick's High School,G82 3DR,West Dunbartonshire,scotland_sd_combined_west_dunbartonshire_our_lady_st_patrick_s_high_school_g82_3dr.geojson,https://raw.githubusercontent.com/McCrackenLab/powerbi-school-catchments/refs/heads/main/scotland-secondary-denom-catchments/combined-by-school/scotland_sd_combined_west_dunbartonshire_our_lady_st_patrick_s_high_school_g82_3dr.geojson,2,https://raw.githubusercontent.com/McCrackenLab/powerbi-school-catchments/refs/heads/main/scotland-secondary-denom-catchments/scotland_sd_west_dunbartonshire_our_lady_st_patrick_s_high_school_8304238.geojson | https://raw.githubusercontent.com/McCrackenLab/powerbi-school-catchments/refs/heads/main/scotland-secondary-denom-catchments/scotland_sd_argyll_and_bute_our_lady_and_st_patrick_s_62.geojson
St Ambrose High School|ML5 2HT,St Ambrose High School,ML5 2HT,North Lanarkshire,scotland_sd_combined_north_lanarkshire_st_ambrose_high_school_ml5_2ht.geojson,https://raw.githubusercontent.com/McCrackenLab/powerbi-school-catchments/refs/heads/main/scotland-secondary-denom-catchments/combined-by-school/scotland_sd_combined_north_lanarkshire_st_ambrose_high_school_ml5_2ht.geojson,2,https://raw.githubusercontent.com/McCrackenLab/powerbi-school-catchments/refs/heads/main/scotland-secondary-denom-catchments/scotland_sd_glasgow_city_st_ambrose_high_school_coatbridge_14.geojson | https://raw.githubusercontent.com/McCrackenLab/powerbi-school-catchments/refs/heads/main/scotland-secondary-denom-catchments/scotland_sd_north_lanarkshire_st_ambrose_high_school_8506736.geojson
St Andrew's and St Bride's High School|G74 1NL,St Andrew's and St Bride's High School,G74 1NL,South Lanarkshire,scotland_sd_combined_south_lanarkshire_st_andrew_s_and_st_bride_s_high_school_g74_1nl.geojson,https://raw.githubusercontent.com/McCrackenLab/powerbi-school-catchments/refs/heads/main/scotland-secondary-denom-catchments/combined-by-school/scotland_sd_combined_south_lanarkshire_st_andrew_s_and_st_bride_s_high_school_g74_1nl.geojson,1,https://raw.githubusercontent.com/McCrackenLab/powerbi-school-catchments/refs/heads/main/scotland-secondary-denom-catchments/scotland_sd_south_lanarkshire_st_andrew_s_and_st_bride_s_high_school_15.geojson
St Matthew's Academy|KA21 5NT,St Matthew's Academy,KA21 5NT,North Ayrshire,scotland_sd_combined_north_ayrshire_st_matthew_s_academy_ka21_5nt.geojson,https://raw.githubusercontent.com/McCrackenLab/powerbi-school-catchments/refs/heads/main/scotland-secondary-denom-catchments/combined-by-school/scotland_sd_combined_north_ayrshire_st_matthew_s_academy_ka21_5nt.geojson,1,https://raw.githubusercontent.com/McCrackenLab/powerbi-school-catchments/refs/heads/main/scotland-secondary-denom-catchments/scotland_sd_north_ayrshire_st_matthew_s_academy_8210039.geojson
Trinity High School|G73 3LW,Trinity High School,G73 3LW,South Lanarkshire,scotland_sd_combined_south_lanarkshire_trinity_high_school_g73_3lw.geojson,https://raw.githubusercontent.com/McCrackenLab/powerbi-school-catchments/refs/heads/main/scotland-secondary-denom-catchments/combined-by-school/scotland_sd_combined_south_lanarkshire_trinity_high_school_g73_3lw.geojson,2,https://raw.githubusercontent.com/McCrackenLab/powerbi-school-catchments/refs/heads/main/scotland-secondary-denom-catchments/scotland_sd_south_lanarkshire_trinity_high_school_8458030.geojson | https://raw.githubusercontent.com/McCrackenLab/powerbi-school-catchments/refs/heads/main/scotland-secondary-denom-catchments/scotland_sd_glasgow_city_trinity_high_school_south_lanarkshire_25.geojson
St Thomas Of Aquin's High School|EH3 9NH,St Thomas Of Aquin's High School,EH3 9NH,City of Edinburgh,scotland_sd_combined_city_of_edinburgh_st_thomas_of_aquin_s_high_school_eh3_9nh.geojson,https://raw.githubusercontent.com/McCrackenLab/powerbi-school-catchments/refs/heads/main/scotland-secondary-denom-catchments/combined-by-school/scotland_sd_combined_city_of_edinburgh_st_thomas_of_aquin_s_high_school_eh3_9nh.geojson,2,https://raw.githubusercontent.com/McCrackenLab/powerbi-school-catchments/refs/heads/main/scotland-secondary-denom-catchments/scotland_sd_city_of_edinburgh_st_thomas_of_aquin_s_rc_high_school_19.geojson | https://raw.githubusercontent.com/McCrackenLab/powerbi-school-catchments/refs/heads/main/scotland-secondary-denom-catchments/scotland_sd_city_of_edinburgh_properties_in_this_area_have_st_thomas_of_aquin_s_as_their_catchment_school_61.geojson
Holy Cross High School|ML3 0BN,Holy Cross High School,ML3 0BN,South Lanarkshire,scotland_sd_combined_south_lanarkshire_holy_cross_high_school_ml3_0bn.geojson,https://raw.githubusercontent.com/McCrackenLab/powerbi-school-catchments/refs/heads/main/scotland-secondary-denom-catchments/combined-by-school/scotland_sd_combined_south_lanarkshire_holy_cross_high_school_ml3_0bn.geojson,1,https://raw.githubusercontent.com/McCrackenLab/powerbi-school-catchments/refs/heads/main/scotland-secondary-denom-catchments/scotland_sd_south_lanarkshire_holy_cross_high_school_8524831.geojson
St Augustine's High School|EH12 9AD,St Augustine's High School,EH12 9AD,City of Edinburgh,scotland_sd_combined_city_of_edinburgh_st_augustine_s_high_school_eh12_9ad.geojson,https://raw.githubusercontent.com/McCrackenLab/powerbi-school-catchments/refs/heads/main/scotland-secondary-denom-catchments/combined-by-school/scotland_sd_combined_city_of_edinburgh_st_augustine_s_high_school_eh12_9ad.geojson,1,https://raw.githubusercontent.com/McCrackenLab/powerbi-school-catchments/refs/heads/main/scotland-secondary-denom-catchments/scotland_sd_city_of_edinburgh_st_augustine_s_rc_high_school_21.geojson
Our Lady's High School - Cumbernauld|G67 1LA,Our Lady's High School - Cumbernauld,G67 1LA,North Lanarkshire,scotland_sd_combined_north_lanarkshire_our_lady_s_high_school_cumbernauld_g67_1la.geojson,https://raw.githubusercontent.com/McCrackenLab/powerbi-school-catchments/refs/heads/main/scotland-secondary-denom-catchments/combined-by-school/scotland_sd_combined_north_lanarkshire_our_lady_s_high_school_cumbernauld_g67_1la.geojson,1,https://raw.githubusercontent.com/McCrackenLab/powerbi-school-catchments/refs/heads/main/scotland-secondary-denom-catchments/scotland_sd_north_lanarkshire_our_lady_s_high_school_cumbernauld_8357439.geojson
St Andrew's High School|ML5 5EA,St Andrew's High School,ML5 5EA,North Lanarkshire,scotland_sd_combined_north_lanarkshire_st_andrew_s_high_school_ml5_5ea.geojson,https://raw.githubusercontent.com/McCrackenLab/powerbi-school-catchments/refs/heads/main/scotland-secondary-denom-catchments/combined-by-school/scotland_sd_combined_north_lanarkshire_st_andrew_s_high_school_ml5_5ea.geojson,1,https://raw.githubusercontent.com/McCrackenLab/powerbi-school-catchments/refs/heads/main/scotland-secondary-denom-catchments/scotland_sd_north_lanarkshire_st_andrew_s_high_school_8500037.geojson
Trinity High School|PA4 8TP,Trinity High School,PA4 8TP,Renfrewshire,scotland_sd_combined_renfrewshire_trinity_high_school_pa4_8tp.geojson,https://raw.githubusercontent.com/McCrackenLab/powerbi-school-catchments/refs/heads/main/scotland-secondary-denom-catchments/combined-by-school/scotland_sd_combined_renfrewshire_trinity_high_school_pa4_8tp.geojson,1,https://raw.githubusercontent.com/McCrackenLab/powerbi-school-catchments/refs/heads/main/scotland-secondary-denom-catchments/scotland_sd_renfrewshire_trinity_high_school_8632030.geojson
St Aidan's High School|ML2 7EW,St Aidan's High School,ML2 7EW,North Lanarkshire,scotland_sd_combined_north_lanarkshire_st_aidan_s_high_school_ml2_7ew.geojson,https://raw.githubusercontent.com/McCrackenLab/powerbi-school-catchments/refs/heads/main/scotland-secondary-denom-catchments/combined-by-school/scotland_sd_combined_north_lanarkshire_st_aidan_s_high_school_ml2_7ew.geojson,2,https://raw.githubusercontent.com/McCrackenLab/powerbi-school-catchments/refs/heads/main/scotland-secondary-denom-catchments/scotland_sd_south_lanarkshire_st_aidan_s_high_school_north_lanarkshire_26.geojson | https://raw.githubusercontent.com/McCrackenLab/powerbi-school-catchments/refs/heads/main/scotland-secondary-denom-catchments/scotland_sd_north_lanarkshire_st_aidan_s_high_school_8517436.geojson
Turnbull High School|G64 2EF,Turnbull High School,G64 2EF,East Dunbartonshire,scotland_sd_combined_east_dunbartonshire_turnbull_high_school_g64_2ef.geojson,https://raw.githubusercontent.com/McCrackenLab/powerbi-school-catchments/refs/heads/main/scotland-secondary-denom-catchments/combined-by-school/scotland_sd_combined_east_dunbartonshire_turnbull_high_school_g64_2ef.geojson,1,https://raw.githubusercontent.com/McCrackenLab/powerbi-school-catchments/refs/heads/main/scotland-secondary-denom-catchments/scotland_sd_east_dunbartonshire_turnbull_high_school_8342032.geojson
St Margaret Mary's Secondary School|G45 9NJ,St Margaret Mary's Secondary School,G45 9NJ,Glasgow City,scotland_sd_combined_glasgow_city_st_margaret_mary_s_secondary_school_g45_9nj.geojson,https://raw.githubusercontent.com/McCrackenLab/powerbi-school-catchments/refs/heads/main/scotland-secondary-denom-catchments/combined-by-school/scotland_sd_combined_glasgow_city_st_margaret_mary_s_secondary_school_g45_9nj.geojson,1,https://raw.githubusercontent.com/McCrackenLab/powerbi-school-catchments/refs/heads/main/scotland-secondary-denom-catchments/scotland_sd_glasgow_city_st_margaret_mary_s_secondary_school_8438331.geojson
St Columba's R C High School|KY11 4UN,St Columba's R C High School,KY11 4UN,Fife,scotland_sd_combined_fife_st_columba_s_r_c_high_school_ky11_4un.geojson,https://raw.githubusercontent.com/McCrackenLab/powerbi-school-catchments/refs/heads/main/scotland-secondary-denom-catchments/combined-by-school/scotland_sd_combined_fife_st_columba_s_r_c_high_school_ky11_4un.geojson,1,https://raw.githubusercontent.com/McCrackenLab/powerbi-school-catchments/refs/heads/main/scotland-secondary-denom-catchments/scotland_sd_fife_st_columba_s_r_c_high_school_5446538.geojson
St Ninian's High School|G66 1DT,St Ninian's High School,G66 1DT,East Dunbartonshire,scotland_sd_combined_east_dunbartonshire_st_ninian_s_high_school_g66_1dt.geojson,https://raw.githubusercontent.com/McCrackenLab/powerbi-school-catchments/refs/heads/main/scotland-secondary-denom-catchments/combined-by-school/scotland_sd_combined_east_dunbartonshire_st_ninian_s_high_school_g66_1dt.geojson,2,https://raw.githubusercontent.com/McCrackenLab/powerbi-school-catchments/refs/heads/main/scotland-secondary-denom-catchments/scotland_sd_north_lanarkshire_st_ninian_s_high_school_8337934.geojson | https://raw.githubusercontent.com/McCrackenLab/powerbi-school-catchments/refs/heads/main/scotland-secondary-denom-catchments/scotland_sd_east_dunbartonshire_st_ninian_s_high_school_8337934.geojson
Taylor High School|ML1 4JP,Taylor High School,ML1 4JP,North Lanarkshire,scotland_sd_combined_north_lanarkshire_taylor_high_school_ml1_4jp.geojson,https://raw.githubusercontent.com/McCrackenLab/powerbi-school-catchments/refs/heads/main/scotland-secondary-denom-catchments/combined-by-school/scotland_sd_combined_north_lanarkshire_taylor_high_school_ml1_4jp.geojson,1,https://raw.githubusercontent.com/McCrackenLab/powerbi-school-catchments/refs/heads/main/scotland-secondary-denom-catchments/scotland_sd_north_lanarkshire_taylor_high_school_8519137.geojson
St Joseph's Academy|KA3 7SL,St Joseph's Academy,KA3 7SL,East Ayrshire,scotland_sd_combined_east_ayrshire_st_joseph_s_academy_ka3_7sl.geojson,https://raw.githubusercontent.com/McCrackenLab/powerbi-school-catchments/refs/heads/main/scotland-secondary-denom-catchments/combined-by-school/scotland_sd_combined_east_ayrshire_st_joseph_s_academy_ka3_7sl.geojson,1,https://raw.githubusercontent.com/McCrackenLab/powerbi-school-catchments/refs/heads/main/scotland-secondary-denom-catchments/scotland_sd_east_ayrshire_st_joseph_s_academy_8224633.geojson
St Andrew's Academy|PA2 7LG,St Andrew's Academy,PA2 7LG,Renfrewshire,scotland_sd_combined_renfrewshire_st_andrew_s_academy_pa2_7lg.geojson,https://raw.githubusercontent.com/McCrackenLab/powerbi-school-catchments/refs/heads/main/scotland-secondary-denom-catchments/combined-by-school/scotland_sd_combined_renfrewshire_st_andrew_s_academy_pa2_7lg.geojson,1,https://raw.githubusercontent.com/McCrackenLab/powerbi-school-catchments/refs/heads/main/scotland-secondary-denom-catchments/scotland_sd_renfrewshire_st_andrew_s_academy_8629439.geojson
St Joseph's College|DG1 4UU,St Joseph's College,DG1 4UU,Dumfries and Galloway,scotland_sd_combined_dumfries_and_galloway_st_joseph_s_college_dg1_4uu.geojson,https://raw.githubusercontent.com/McCrackenLab/powerbi-school-catchments/refs/heads/main/scotland-secondary-denom-catchments/combined-by-school/scotland_sd_combined_dumfries_and_galloway_st_joseph_s_college_dg1_4uu.geojson,1,https://raw.githubusercontent.com/McCrackenLab/powerbi-school-catchments/refs/heads/main/scotland-secondary-denom-catchments/scotland_sd_dumfries_and_galloway_st_joseph_s_college_5941032.geojson
Queen Margaret Academy|KA7 3TL,Queen Margaret Academy,KA7 3TL,South Ayrshire,scotland_sd_combined_south_ayrshire_queen_margaret_academy_ka7_3tl.geojson,https://raw.githubusercontent.com/McCrackenLab/powerbi-school-catchments/refs/heads/main/scotland-secondary-denom-catchments/combined-by-school/scotland_sd_combined_south_ayrshire_queen_margaret_academy_ka7_3tl.geojson,2,https://raw.githubusercontent.com/McCrackenLab/powerbi-school-catchments/refs/heads/main/scotland-secondary-denom-catchments/scotland_sd_south_ayrshire_queen_margaret_academy_x_8236232.geojson | https://raw.githubusercontent.com/McCrackenLab/powerbi-school-catchments/refs/heads/main/scotland-secondary-denom-catchments/scotland_sd_south_ayrshire_queen_margaret_academy_8236232.geojson
St Roch's Secondary School|G21 2NF,St Roch's Secondary School,G21 2NF,Glasgow City,scotland_sd_combined_glasgow_city_st_roch_s_secondary_school_g21_2nf.geojson,https://raw.githubusercontent.com/McCrackenLab/powerbi-school-catchments/refs/heads/main/scotland-secondary-denom-catchments/combined-by-school/scotland_sd_combined_glasgow_city_st_roch_s_secondary_school_g21_2nf.geojson,1,https://raw.githubusercontent.com/McCrackenLab/powerbi-school-catchments/refs/heads/main/scotland-secondary-denom-catchments/scotland_sd_glasgow_city_st_roch_s_secondary_school_8438730.geojson
St Stephen's High School|PA14 6PP,St Stephen's High School,PA14 6PP,Inverclyde,scotland_sd_combined_inverclyde_st_stephen_s_high_school_pa14_6pp.geojson,https://raw.githubusercontent.com/McCrackenLab/powerbi-school-catchments/refs/heads/main/scotland-secondary-denom-catchments/combined-by-school/scotland_sd_combined_inverclyde_st_stephen_s_high_school_pa14_6pp.geojson,1,https://raw.githubusercontent.com/McCrackenLab/powerbi-school-catchments/refs/heads/main/scotland-secondary-denom-catchments/scotland_sd_inverclyde_st_stephen_s_high_school_8645639.geojson
John Paul Academy|G23 5LY,John Paul Academy,G23 5LY,Glasgow City,scotland_sd_combined_glasgow_city_john_paul_academy_g23_5ly.geojson,https://raw.githubusercontent.com/McCrackenLab/powerbi-school-catchments/refs/heads/main/scotland-secondary-denom-catchments/combined-by-school/scotland_sd_combined_glasgow_city_john_paul_academy_g23_5ly.geojson,1,https://raw.githubusercontent.com/McCrackenLab/powerbi-school-catchments/refs/heads/main/scotland-secondary-denom-catchments/scotland_sd_glasgow_city_john_paul_academy_8458731.geojson
St John's RC Academy|PH1 5BF,St John's RC Academy,PH1 5BF,Perth and Kinross,scotland_sd_combined_perth_and_kinross_st_john_s_rc_academy_ph1_5bf.geojson,https://raw.githubusercontent.com/McCrackenLab/powerbi-school-catchments/refs/heads/main/scotland-secondary-denom-catchments/combined-by-school/scotland_sd_combined_perth_and_kinross_st_john_s_rc_academy_ph1_5bf.geojson,1,https://raw.githubusercontent.com/McCrackenLab/powerbi-school-catchments/refs/heads/main/scotland-secondary-denom-catchments/scotland_sd_perth_and_kinross_st_john_s_rc_academy_5350239.geojson
St John Ogilvie High School|ML3 9LA,St John Ogilvie High School,ML3 9LA,South Lanarkshire,scotland_sd_combined_south_lanarkshire_st_john_ogilvie_high_school_ml3_9la.geojson,https://raw.githubusercontent.com/McCrackenLab/powerbi-school-catchments/refs/heads/main/scotland-secondary-denom-catchments/combined-by-school/scotland_sd_combined_south_lanarkshire_st_john_ogilvie_high_school_ml3_9la.geojson,1,https://raw.githubusercontent.com/McCrackenLab/powerbi-school-catchments/refs/heads/main/scotland-secondary-denom-catchments/scotland_sd_south_lanarkshire_john_ogilvie_high_school_40.geojson
St Andrew's Secondary School|G32 6QE,St Andrew's Secondary School,G32 6QE,Glasgow City,scotland_sd_combined_glasgow_city_st_andrew_s_secondary_school_g32_6qe.geojson,https://raw.githubusercontent.com/McCrackenLab/powerbi-school-catchments/refs/heads/main/scotland-secondary-denom-catchments/combined-by-school/scotland_sd_combined_glasgow_city_st_andrew_s_secondary_school_g32_6qe.geojson,1,https://raw.githubusercontent.com/McCrackenLab/powerbi-school-catchments/refs/heads/main/scotland-secondary-denom-catchments/scotland_sd_glasgow_city_st_andrew_s_secondary_school_8437238.geojson
Sinclair Academy|EH52 6FY,Sinclair Academy,EH52 6FY,West Lothian,scotland_sd_combined_west_lothian_sinclair_academy_eh52_6fy.geojson,https://raw.githubusercontent.com/McCrackenLab/powerbi-school-catchments/refs/heads/main/scotland-secondary-denom-catchments/combined-by-school/scotland_sd_combined_west_lothian_sinclair_academy_eh52_6fy.geojson,1,https://raw.githubusercontent.com/McCrackenLab/powerbi-school-catchments/refs/heads/main/scotland-secondary-denom-catchments/scotland_sd_west_lothian_sinclair_academy_1006096.geojson
Holyrood Secondary School|G42 8AU,Holyrood Secondary School,G42 8AU,Glasgow City,scotland_sd_combined_glasgow_city_holyrood_secondary_school_g42_8au.geojson,https://raw.githubusercontent.com/McCrackenLab/powerbi-school-catchments/refs/heads/main/scotland-secondary-denom-catchments/combined-by-school/scotland_sd_combined_glasgow_city_holyrood_secondary_school_g42_8au.geojson,1,https://raw.githubusercontent.com/McCrackenLab/powerbi-school-catchments/refs/heads/main/scotland-secondary-denom-catchments/scotland_sd_glasgow_city_holyrood_secondary_school_8434530.geojson
St Mungo's RC High School|FK2 7JT,St Mungo's RC High School,FK2 7JT,Falkirk,scotland_sd_combined_falkirk_st_mungo_s_rc_high_school_fk2_7jt.geojson,https://raw.githubusercontent.com/McCrackenLab/powerbi-school-catchments/refs/heads/main/scotland-secondary-denom-catchments/combined-by-school/scotland_sd_combined_falkirk_st_mungo_s_rc_high_school_fk2_7jt.geojson,1,https://raw.githubusercontent.com/McCrackenLab/powerbi-school-catchments/refs/heads/main/scotland-secondary-denom-catchments/scotland_sd_falkirk_st_mungo_s_rc_high_school_5746434.geojson
St Luke's High School|G78 2SG,St Luke's High School,G78 2SG,East Renfrewshire,scotland_sd_combined_east_renfrewshire_st_luke_s_high_school_g78_2sg.geojson,https://raw.githubusercontent.com/McCrackenLab/powerbi-school-catchments/refs/heads/main/scotland-secondary-denom-catchments/combined-by-school/scotland_sd_combined_east_renfrewshire_st_luke_s_high_school_g78_2sg.geojson,1,https://raw.githubusercontent.com/McCrackenLab/powerbi-school-catchments/refs/heads/main/scotland-secondary-denom-catchments/scotland_sd_east_renfrewshire_st_luke_s_high_school_8626138.geojson
St Kentigern's Academy|EH47 7LX,St Kentigern's Academy,EH47 7LX,West Lothian,scotland_sd_combined_west_lothian_st_kentigern_s_academy_eh47_7lx.geojson,https://raw.githubusercontent.com/McCrackenLab/powerbi-school-catchments/refs/heads/main/scotland-secondary-denom-catchments/combined-by-school/scotland_sd_combined_west_lothian_st_kentigern_s_academy_eh47_7lx.geojson,1,https://raw.githubusercontent.com/McCrackenLab/powerbi-school-catchments/refs/heads/main/scotland-secondary-denom-catchments/scotland_sd_west_lothian_st_kentigern_s_academy_5509939.geojson
St John's RC High School|DD3 6EY,St John's RC High School,DD3 6EY,Dundee City,scotland_sd_combined_dundee_city_st_john_s_rc_high_school_dd3_6ey.geojson,https://raw.githubusercontent.com/McCrackenLab/powerbi-school-catchments/refs/heads/main/scotland-secondary-denom-catchments/combined-by-school/scotland_sd_combined_dundee_city_st_john_s_rc_high_school_dd3_6ey.geojson,1,https://raw.githubusercontent.com/McCrackenLab/powerbi-school-catchments/refs/heads/main/scotland-secondary-denom-catchments/scotland_sd_dundee_city_st_john_s_rc_high_school_5330831.geojson
Notre Dame High School|PA16 9BJ,Notre Dame High School,PA16 9BJ,Inverclyde,scotland_sd_combined_inverclyde_notre_dame_high_school_pa16_9bj.geojson,https://raw.githubusercontent.com/McCrackenLab/powerbi-school-catchments/refs/heads/main/scotland-secondary-denom-catchments/combined-by-school/scotland_sd_combined_inverclyde_notre_dame_high_school_pa16_9bj.geojson,1,https://raw.githubusercontent.com/McCrackenLab/powerbi-school-catchments/refs/heads/main/scotland-secondary-denom-catchments/scotland_sd_inverclyde_notre_dame_high_school_8645132.geojson
St Paul's High School|G53 5HW,St Paul's High School,G53 5HW,Glasgow City,scotland_sd_combined_glasgow_city_st_paul_s_high_school_g53_5hw.geojson,https://raw.githubusercontent.com/McCrackenLab/powerbi-school-catchments/refs/heads/main/scotland-secondary-denom-catchments/combined-by-school/scotland_sd_combined_glasgow_city_st_paul_s_high_school_g53_5hw.geojson,1,https://raw.githubusercontent.com/McCrackenLab/powerbi-school-catchments/refs/heads/main/scotland-secondary-denom-catchments/scotland_sd_glasgow_city_st_paul_s_high_school_8432139.geojson
Notre Dame High School|G12 9LN,Notre Dame High School,G12 9LN,Glasgow City,scotland_sd_combined_glasgow_city_notre_dame_high_school_g12_9ln.geojson,https://raw.githubusercontent.com/McCrackenLab/powerbi-school-catchments/refs/heads/main/scotland-secondary-denom-catchments/combined-by-school/scotland_sd_combined_glasgow_city_notre_dame_high_school_g12_9ln.geojson,1,https://raw.githubusercontent.com/McCrackenLab/powerbi-school-catchments/refs/heads/main/scotland-secondary-denom-catchments/scotland_sd_glasgow_city_notre_dame_high_school_8436134.geojson
Cardinal Newman High School|ML4 3DW,Cardinal Newman High School,ML4 3DW,North Lanarkshire,scotland_sd_combined_north_lanarkshire_cardinal_newman_high_school_ml4_3dw.geojson,https://raw.githubusercontent.com/McCrackenLab/powerbi-school-catchments/refs/heads/main/scotland-secondary-denom-catchments/combined-by-school/scotland_sd_combined_north_lanarkshire_cardinal_newman_high_school_ml4_3dw.geojson,1,https://raw.githubusercontent.com/McCrackenLab/powerbi-school-catchments/refs/heads/main/scotland-secondary-denom-catchments/scotland_sd_north_lanarkshire_cardinal_newman_high_school_8518637.geojson
St Margaret's Academy|EH54 6AT,St Margaret's Academy,EH54 6AT,West Lothian,scotland_sd_combined_west_lothian_st_margaret_s_academy_eh54_6at.geojson,https://raw.githubusercontent.com/McCrackenLab/powerbi-school-catchments/refs/heads/main/scotland-secondary-denom-catchments/combined-by-school/scotland_sd_combined_west_lothian_st_margaret_s_academy_eh54_6at.geojson,1,https://raw.githubusercontent.com/McCrackenLab/powerbi-school-catchments/refs/heads/main/scotland-secondary-denom-catchments/scotland_sd_west_lothian_st_margaret_s_academy_5512530.geojson
St Ninian's High School|G46 6UX,St Ninian's High School,G46 6UX,East Renfrewshire,scotland_sd_combined_east_renfrewshire_st_ninian_s_high_school_g46_6ux.geojson,https://raw.githubusercontent.com/McCrackenLab/powerbi-school-catchments/refs/heads/main/scotland-secondary-denom-catchments/combined-by-school/scotland_sd_combined_east_renfrewshire_st_ninian_s_high_school_g46_6ux.geojson,1,https://raw.githubusercontent.com/McCrackenLab/powerbi-school-catchments/refs/heads/main/scotland-secondary-denom-catchments/scotland_sd_east_renfrewshire_st_ninians_high_school_56.geojson
All Saints Secondary School|G21 3EN,All Saints Secondary School,G21 3EN,Glasgow City,scotland_sd_combined_glasgow_city_all_saints_secondary_school_g21_3en.geojson,https://raw.githubusercontent.com/McCrackenLab/powerbi-school-catchments/refs/heads/main/scotland-secondary-denom-catchments/combined-by-school/scotland_sd_combined_glasgow_city_all_saints_secondary_school_g21_3en.geojson,1,https://raw.githubusercontent.com/McCrackenLab/powerbi-school-catchments/refs/heads/main/scotland-secondary-denom-catchments/scotland_sd_glasgow_city_all_saints_secondary_school_8431930.geojson
St Mungo's Academy|G40 2RA,St Mungo's Academy,G40 2RA,Glasgow City,scotland_sd_combined_glasgow_city_st_mungo_s_academy_g40_2ra.geojson,https://raw.githubusercontent.com/McCrackenLab/powerbi-school-catchments/refs/heads/main/scotland-secondary-denom-catchments/combined-by-school/scotland_sd_combined_glasgow_city_st_mungo_s_academy_g40_2ra.geojson,1,https://raw.githubusercontent.com/McCrackenLab/powerbi-school-catchments/refs/heads/main/scotland-secondary-denom-catchments/scotland_sd_glasgow_city_st_mungo_s_academy_8438439.geojson
Lourdes Secondary School|G52 3DF,Lourdes Secondary School,G52 3DF,Glasgow City,scotland_sd_combined_glasgow_city_lourdes_secondary_school_g52_3df.geojson,https://raw.githubusercontent.com/McCrackenLab/powerbi-school-catchments/refs/heads/main/scotland-secondary-denom-catchments/combined-by-school/scotland_sd_combined_glasgow_city_lourdes_secondary_school_g52_3df.geojson,1,https://raw.githubusercontent.com/McCrackenLab/powerbi-school-catchments/refs/heads/main/scotland-secondary-denom-catchments/scotland_sd_glasgow_city_lourdes_secondary_school_8435839.geojson
